country	ip	subnet	ip range
NL	64.227.78.253	64.227.0.0/17	64.227.0.0 - 64.227.127.255
FR	51.158.69.2	51.158.0.0/15	51.158.0.0 - 51.159.255.255
FR	51.15.70.79	51.15.0.0/16	51.15.0.0 - 51.15.255.255
US	198.199.116.138	198.199.64.0/18	198.199.64.0 - 198.199.127.255
RU	91.218.115.137	91.218.112.0/22	91.218.112.0 - 91.218.115.255
US	107.170.227.30	107.170.0.0/16	107.170.0.0 - 107.170.255.255
CN	106.75.3.57	106.75.0.0/17	106.75.0.0 - 106.75.127.255
RU	185.81.68.253	185.81.68.0/24	185.81.68.0 - 185.81.68.255
US	45.79.179.49	45.79.128.0/18	45.79.128.0 - 45.79.191.255
US	162.243.144.22	162.243.128.0/19	162.243.128.0 - 162.243.159.255
US	128.14.209.46	128.14.192.0/19	128.14.192.0 - 128.14.223.255
CN	101.68.211.3	101.64.0.0/13	101.64.0.0 - 101.71.255.255
US	104.156.155.2	104.156.155.0/24	104.156.155.0 - 104.156.155.255
US	192.241.230.5	192.241.128.0/17	192.241.128.0 - 192.241.255.255
CN	222.186.170.196	222.184.0.0/14	222.184.0.0 - 222.187.255.255
US	45.55.0.19	45.55.0.0/16	45.55.0.0 - 45.55.255.255
PT	185.180.143.173	185.180.143.0/24	185.180.143.0 - 185.180.143.255
US	47.88.5.56	47.88.0.0/16	47.88.0.0 - 47.88.255.255
US	47.251.14.232	47.251.0.0/17	47.251.0.0 - 47.251.127.255
US	47.89.193.239	47.89.128.0/17	47.89.128.0 - 47.89.255.255
US	47.254.74.59	47.254.0.0/16	47.254.0.0 - 47.254.255.255
US	104.248.229.49	104.248.0.0/16	104.248.0.0 - 104.248.255.255
KE	197.248.10.44	197.248.0.0/16	197.248.0.0 - 197.248.255.255
NL	94.102.51.9	94.102.48.0/20	94.102.48.0 - 94.102.63.255
CH	179.43.154.247	179.43.128.0/18	179.43.128.0 - 179.43.191.255
US	159.203.208.12	159.203.0.0/16	159.203.0.0 - 159.203.255.255
